tensor	shape	abs_err_l2	rel_err_l2	abs_err_l1	rel_err_l1	max_diff	cos_sim	mismatch_count	mismatch_rate
attn_out.bin	32x32x128	0.6743261218070984	0.010967519124385386	163.13595581054688	0.010312915129618289	0.03125	0.999973015323767	0	0.0
attn_proj.bin	32x32x128	0.20168450474739075	0.013981504936000458	52.203460693359375	0.013581206996095704	0.005859375	0.9999684763001376	0	0.0
attn_scores.bin	128x32x32	0.9968492388725281	0.010208046434965772	254.97048950195312	0.009494630986960972	0.03125	0.9999666281733685	0	0.0
attn_scores_masked.bin	128x32x32	0.7263759970664978	2.887964563448899e-12	133.00381469726562	2.09862861103174e-12	0.03125	1.0000601457934155	0	0.0
attn_weights.bin	128x32x32	0.16262127459049225	0.0070022660608107315	19.325469970703125	0.004718127255064809	0.0078125	0.9999854452416522	0	0.0
ffn_gelu.bin	32x32x512	1.1495530605316162	0.010072857791033975	590.5321044921875	0.009677399285923474	0.015625	0.9999158803120767	0	0.0
ffn_w1_bias.bin	1x1x512	0.0	0.0	0.0	0.0	0.0	0.0	0	0.0
ffn_w1_bias_grad.bin	1x1x512	4.100080332136713e-05	0.00589660346548084	0.0006380975246429443	0.005159960958639545	7.62939453125e-06	0.9999905929078295	0	0.0
ffn_w1_out.bin	32x32x512	1.956196904182434	0.009287935669065668	1078.5206298828125	0.008894065352103494	0.015625	0.9999146107091443	0	0.0
ffn_w1_weight.bin	512x128	0.0	0.0	0.0	0.0	0.0	1.000004496071152	0	0.0
ffn_w1_weight_grad.bin	512x128	0.00048062598216347396	0.011101815809126317	0.07791146636009216	0.010630595399059863	1.52587890625e-05	0.9999785633198961	0	0.0
ffn_w2_bias.bin	1x1x128	0.0	0.0	0.0	0.0	0.0	0.0	0	0.0
ffn_w2_bias_grad.bin	1x1x128	8.378242637263611e-05	0.006470643874118624	0.0006883442401885986	0.0065698507084213245	1.52587890625e-05	0.9999889738864178	0	0.0
ffn_w2_out.bin	32x32x128	0.3220708668231964	0.00980665163795632	88.32168579101562	0.009571444925996014	0.005859375	0.9999556178903795	0	0.0
ffn_w2_weight.bin	128x512	0.0	0.0	0.0	0.0	0.0	1.0000038265295264	0	0.0
ffn_w2_weight_grad.bin	128x512	0.0003781447885558009	0.014834274436100543	0.05864139646291733	0.014344957352940755	1.52587890625e-05	0.9999581196520722	0	0.0
k.bin	32x32x128	0.7684627771377563	0.005678781929068261	195.7537384033203	0.005035501358153644	0.015625	0.9999861170092635	0	0.0
k_heads.bin	128x32x32	0.7684628367424011	0.005678780448528168	195.7537078857422	0.005035501585094868	0.015625	0.9999861117005341	0	0.0
ln1_beta.bin	1x1x128	0.0	0.0	0.0	0.0	0.0	0.0	0	0.0
ln1_beta_grad.bin	1x1x128	4.5006756408838555e-05	0.020800749073815156	0.0004119873046875	0.020129302812226357	9.059906005859375e-06	0.9998304060801396	0	0.0
ln1_gamma.bin	1x1x128	0.0	0.0	0.0	0.0	0.0	1.0000000342285429	0	0.0
ln1_gamma_grad.bin	1x1x128	1.241172958543757e-05	0.018817652474911507	9.991973638534546e-05	0.01832319097262889	3.814697265625e-06	0.9998230108934827	0	0.0
ln1_out.bin	32x32x128	1.6377614736557007	0.004552491933001218	343.50225830078125	0.0032212944761258505	0.03125	0.9999815053131277	0	0.0
ln2_beta.bin	1x1x128	0.0	0.0	0.0	0.0	0.0	0.0	0	0.0
ln2_beta_grad.bin	1x1x128	2.355279866605997e-05	0.010968190253528987	0.00022607296705245972	0.011636303671530577	5.7220458984375e-06	0.9999710187410297	0	0.0
ln2_gamma.bin	1x1x128	0.0	0.0	0.0	0.0	0.0	1.0000000342285429	0	0.0
ln2_gamma_grad.bin	1x1x128	1.7555581507622264e-05	0.007131871464243747	0.0001371428370475769	0.005882649969450759	7.62939453125e-06	0.9999774424890528	0	0.0
ln2_out.bin	32x32x128	3.523460626602173	0.009758599135351638	970.426025390625	0.00925182022419856	0.046875	0.9999471171002003	0	0.0
loss.bin	1x1x1	6.103515625e-05	0.005208333332888889	6.103515625e-05	0.005208333332888889	6.103515625e-05	1.0	0	0.0
output.bin	32x32x128	0.3765426278114319	0.009753458144423239	102.71187591552734	0.009464372055908535	0.0068359375	0.9999591726429273	0	0.0
pos_embed.bin	32x32x128	0.0	0.0	0.0	0.0	0.0	1.0000018029835889	0	0.0
pos_u32.bin	32x32	0.0	0.0	0.0	0.0	0.0	1.0	0	0.0
pos_weight.bin	32x128	0.0	0.0	0.0	0.0	0.0	1.00000015298713	0	0.0
pos_weight_grad.bin	1x1x32x128	0.001001420198008418	0.052979265558594724	0.046291984617710114	0.0499956499666907	8.392333984375e-05	0.9998542638269557	0	0.0
q.bin	32x32x128	0.7640571594238281	0.005754914259411711	193.7649688720703	0.005050864387767466	0.015625	0.9999862825288267	0	0.0
q_heads.bin	128x32x32	0.7640572786331177	0.005754913834478164	193.76495361328125	0.0050508645043167814	0.015625	0.9999857070524787	0	0.0
residual1.bin	32x32x128	0.19826310873031616	0.010862298172979679	50.34282684326172	0.009824958216193828	0.005859375	0.9999580749418728	0	0.0
target.bin	32x32x128	0.0	0.0	0.0	0.0	0.0	1.0000025923983353	0	0.0
tok_embed.bin	32x32x128	0.0	0.0	0.0	0.0	0.0	1.0000055138923016	0	0.0
tok_plus_pos.bin	32x32x128	0.0240179393440485	0.002246010499158672	2.5521888732910156	0.0008057222844858447	0.00048828125	0.999992106496502	0	0.0
tok_weight.bin	160x128	0.0	0.0	0.0	0.0	0.0	1.0000055025369063	0	0.0
tok_weight_grad.bin	1x1x160x128	0.00019956946198362857	0.024097681467906765	0.019261391833424568	0.021978639585551414	1.1444091796875e-05	0.9998668614544903	0	0.0
tokens_u32.bin	32x32	0.0	0.0	0.0	0.0	0.0	1.0	0	0.0
v.bin	32x32x128	0.8030346632003784	0.0053181683925286145	197.81503295898438	0.004825630903377222	0.015625	0.999982966755959	0	0.0
v_heads.bin	128x32x32	0.8030346632003784	0.00531816892994387	197.81503295898438	0.004825630903377222	0.015625	0.9999833717008435	0	0.0
wk_bias.bin	1x1x128	0.0	0.0	0.0	0.0	0.0	0.0	0	0.0
wk_bias_grad.bin	1x1x128	9.175263357974472e-07	8.770425707290741	8.124283340293914e-06	9.047712380871143	2.1094456315040588e-07	0.24740794310097217	0	0.0
wk_weight.bin	128x128	0.0	0.0	0.0	0.0	0.0	1.0000042754927443	0	0.0
wk_weight_grad.bin	128x128	3.4674016205826774e-05	0.014966119114786387	0.0032035314943641424	0.014901249237662553	1.9073486328125e-06	0.9999702761679938	0	0.0
wo_bias.bin	1x1x128	0.0	0.0	0.0	0.0	0.0	0.0	0	0.0
wo_bias_grad.bin	1x1x128	0.0003484727058093995	0.007853826708764661	0.0030884742736816406	0.007531579259475179	0.0001220703125	0.9999692858194313	0	0.0
wo_weight.bin	128x128	0.0	0.0	0.0	0.0	0.0	1.0000045959933228	0	0.0
wo_weight_grad.bin	128x128	0.0006433043745346367	0.013411750529905073	0.05830758437514305	0.013731463928306948	4.57763671875e-05	0.9999694170668094	0	0.0
wq_bias.bin	1x1x128	0.0	0.0	0.0	0.0	0.0	0.0	0	0.0
wq_bias_grad.bin	1x1x128	6.940652838238748e-06	0.022181471833688356	6.449781358242035e-05	0.02254966826251165	1.9073486328125e-06	0.999892866087287	0	0.0
wq_weight.bin	128x128	0.0	0.0	0.0	0.0	0.0	1.0000044356008384	0	0.0
wq_weight_grad.bin	128x128	2.954731826321222e-05	0.01616620084604612	0.0027990518137812614	0.016230308864601924	1.430511474609375e-06	0.999951726092806	0	0.0
wv_bias.bin	1x1x128	0.0	0.0	0.0	0.0	0.0	0.0	0	0.0
wv_bias_grad.bin	1x1x128	0.00015336509386543185	0.016196055872117476	0.001361161470413208	0.015540166496988821	3.814697265625e-05	0.9999336112780818	0	0.0
wv_weight.bin	128x128	0.0	0.0	0.0	0.0	0.0	1.000004282728617	0	0.0
wv_weight_grad.bin	128x128	0.0004431135894265026	0.018282519666448897	0.03982309252023697	0.017821085585080665	2.288818359375e-05	0.999933418362332	0	0.0
