step	loss
0	0.00131226
1	0.00115204
2	0.00094223
3	0.000648499
4	0.000549316
5	0.000549316
6	0.000534058
7	0.000511169
8	0.000495911
9	0.000484467
10	0.000473022
11	0.000465393
12	0.000463486
13	0.000457764
14	0.000450134
15	0.000442505
16	0.000436783
17	0.000432968
18	0.000429153
19	0.000425339
20	0.000421524
21	0.000417709
22	0.000415802
23	0.000411987
24	0.00041008
25	0.000408173
26	0.000404358
27	0.000402451
28	0.000400543
29	0.000398636
30	0.000398636
31	0.000396729
32	0.000394821
33	0.000392914
34	0.000391006
35	0.000389099
36	0.000389099
37	0.000387192
38	0.000385284
39	0.000385284
40	0.000383377
41	0.000383377
42	0.00038147
43	0.000379562
44	0.000379562
45	0.000377655
46	0.000375748
47	0.000375748
48	0.00037384
49	0.00037384
50	0.000371933
51	0.000371933
52	0.000370026
53	0.000370026
54	0.000368118
55	0.000368118
56	0.000366211
57	0.000366211
58	0.000364304
59	0.000364304
60	0.000362396
61	0.000362396
62	0.000360489
63	0.000360489
64	0.000358582
65	0.000358582
66	0.000356674
67	0.000356674
68	0.000354767
69	0.000354767
70	0.000352859
71	0.000352859
72	0.000350952
73	0.000350952
74	0.000349045
75	0.000349045
76	0.000347137
77	0.000347137
78	0.00034523
79	0.00034523
80	0.000343323
81	0.000341415
82	0.000341415
83	0.000339508
84	0.000339508
85	0.000337601
86	0.000337601
87	0.000335693
88	0.000335693
89	0.000333786
90	0.000333786
91	0.000331879
92	0.000329971
93	0.000329971
94	0.000328064
95	0.000328064
96	0.000326157
97	0.000326157
98	0.000324249
99	0.000322342
100	0.000322342
101	0.000320435
102	0.000320435
103	0.000318527
104	0.00031662
105	0.00031662
106	0.000314713
107	0.000312805
108	0.000312805
109	0.000310898
110	0.000310898
111	0.00030899
112	0.000307083
113	0.000307083
114	0.000305176
115	0.000303268
116	0.000303268
117	0.000301361
118	0.000301361
119	0.000299454
120	0.000297546
121	0.000297546
122	0.000295639
123	0.000293732
124	0.000293732
125	0.000291824
126	0.000289917
127	0.000289917
128	0.00028801
129	0.000286102
130	0.000286102
131	0.000284195
132	0.000282288
133	0.000282288
134	0.00028038
135	0.000278473
136	0.000278473
137	0.000276566
138	0.000274658
139	0.000274658
140	0.000272751
141	0.000270844
142	0.000270844
143	0.000268936
144	0.000267029
145	0.000267029
146	0.000265121
147	0.000263214
148	0.000263214
149	0.000261307
150	0.000259399
151	0.000259399
152	0.000257492
153	0.000255585
154	0.000255585
155	0.000253677
156	0.00025177
157	0.00025177
158	0.000249863
159	0.000247955
160	0.000247955
161	0.000246048
162	0.000244141
163	0.000243187
164	0.000242233
165	0.00024128
166	0.000239372
167	0.000238419
168	0.000237465
169	0.000236511
170	0.000234604
171	0.00023365
172	0.000232697
173	0.000231743
174	0.000229836
175	0.000228882
176	0.000227928
177	0.000226974
178	0.000225067
179	0.000224113
180	0.00022316
181	0.000222206
182	0.000221252
183	0.000219345
184	0.000218391
185	0.000217438
186	0.000216484
187	0.00021553
188	0.000214577
189	0.000212669
190	0.000211716
191	0.000210762
192	0.000209808
193	0.000208855
194	0.000207901
195	0.000206947
196	0.000205994
197	0.000204086
198	0.000203133
199	0.000202179
200	0.000201225
201	0.000200272
202	0.000199318
203	0.000198364
204	0.000197411
205	0.000196457
206	0.000195503
207	0.00019455
208	0.000193596
209	0.000192642
210	0.000191689
211	0.000190735
212	0.000189781
213	0.000188828
214	0.000187874
215	0.00018692
216	0.000185966
217	0.000185013
218	0.000184059
219	0.000183105
220	0.000182152
221	0.000181198
222	0.000180244
223	0.000179291
224	0.000178337
225	0.000177383
226	0.00017643
227	0.000175476
228	0.000175476
229	0.000174522
230	0.000173569
231	0.000172615
232	0.000171661
233	0.000170708
234	0.000169754
235	0.0001688
236	0.000167847
237	0.000166893
238	0.000166893
239	0.000165939
240	0.000164986
241	0.000164032
242	0.000163078
243	0.000162125
244	0.000162125
245	0.000161171
246	0.000160217
247	0.000159264
248	0.00015831
249	0.00015831
250	0.000157356
251	0.000156403
252	0.000155449
253	0.000154495
254	0.000153542
255	0.000153542
256	0.000152588
257	0.000151634
258	0.000150681
259	0.000150681
260	0.000149727
261	0.000148773
262	0.00014782
263	0.00014782
264	0.000146866
265	0.000145912
266	0.000144958
267	0.000144958
268	0.000144005
269	0.000143051
270	0.000142097
271	0.000142097
272	0.000141144
273	0.00014019
274	0.00014019
275	0.000139236
276	0.000138283
277	0.000138283
278	0.000137329
279	0.000136375
280	0.000135422
281	0.000135422
282	0.000134468
283	0.000133514
284	0.000133514
285	0.000132561
286	0.000131607
287	0.000131607
288	0.000130653
289	0.000130653
290	0.0001297
291	0.000128746
292	0.000128746
293	0.000127792
294	0.000126839
295	0.000126839
296	0.000125885
297	0.000125885
298	0.000124931
299	0.000123978
300	0.000123978
301	0.000123024
302	0.000123024
303	0.00012207
304	0.000121593
305	0.00012064
306	0.000120163
307	0.000119686
308	0.000119209
309	0.000118732
310	0.000118256
311	0.000117779
312	0.000117302
313	0.000116825
314	0.000116348
315	0.000115395
316	0.000114918
317	0.000114441
318	0.000113487
319	0.00011301
320	0.00011301
321	0.000112534
322	0.00011158
323	0.000111103
324	0.000110626
325	0.000110149
326	0.000109673
327	0.000109196
328	0.000108719
329	0.000108242
330	0.000107765
331	0.000107288
332	0.000106812
333	0.000105858
334	0.000105381
335	0.000104904
336	0.000104427
337	0.000104427
338	0.000103951
339	0.000103474
340	0.000102997
341	0.00010252
342	0.000101566
343	0.000101089
344	0.000100613
345	0.000100136
346	9.9659e-05
347	9.91821e-05
348	9.87053e-05
349	9.87053e-05
350	9.82285e-05
351	9.77516e-05
352	9.72748e-05
353	9.67979e-05
354	9.63211e-05
355	9.58443e-05
356	9.53674e-05
357	9.48906e-05
358	9.44138e-05
359	9.39369e-05
360	9.39369e-05
361	9.34601e-05
362	9.29832e-05
363	9.25064e-05
364	9.20296e-05
365	9.15527e-05
366	9.15527e-05
367	9.15527e-05
368	9.15527e-05
369	9.20296e-05
370	9.20296e-05
371	9.20296e-05
372	8.96454e-05
373	8.86917e-05
374	8.86917e-05
375	8.86917e-05
376	8.7738e-05
377	8.72612e-05
378	8.72612e-05
379	8.67844e-05
380	8.58307e-05
381	8.58307e-05
382	8.53539e-05
383	8.4877e-05
384	8.44002e-05
385	8.44002e-05
386	8.39233e-05
387	8.29697e-05
388	8.29697e-05
389	8.24928e-05
390	8.2016e-05
391	8.15392e-05
392	8.15392e-05
393	8.10623e-05
394	8.05855e-05
395	8.05855e-05
396	8.01086e-05
397	7.96318e-05
398	7.9155e-05
399	7.86781e-05
400	7.86781e-05
401	7.82013e-05
402	7.77245e-05
403	7.77245e-05
404	7.72476e-05
405	7.67708e-05
406	7.62939e-05
407	7.62939e-05
408	7.58171e-05
409	7.53403e-05
410	7.53403e-05
411	7.48634e-05
412	7.43866e-05
413	7.43866e-05
414	7.39098e-05
415	7.34329e-05
416	7.34329e-05
417	7.29561e-05
418	7.24792e-05
419	7.24792e-05
420	7.20024e-05
421	7.15256e-05
422	7.15256e-05
423	7.10487e-05
424	7.10487e-05
425	7.05719e-05
426	7.00951e-05
427	7.00951e-05
428	6.96182e-05
429	6.91414e-05
430	6.91414e-05
431	6.86646e-05
432	6.86646e-05
433	6.81877e-05
434	6.81877e-05
435	6.77109e-05
436	6.77109e-05
437	6.7234e-05
438	6.7234e-05
439	6.67572e-05
440	6.67572e-05
441	6.62804e-05
442	6.58035e-05
443	6.53267e-05
444	6.53267e-05
445	6.48499e-05
446	6.48499e-05
447	6.4373e-05
448	6.4373e-05
449	6.38962e-05
450	6.34193e-05
451	6.34193e-05
452	6.29425e-05
453	6.29425e-05
454	6.24657e-05
455	6.24657e-05
456	6.19888e-05
457	6.19888e-05
458	6.1512e-05
459	6.10352e-05
460	6.10352e-05
461	6.07967e-05
462	6.05583e-05
463	6.03199e-05
464	6.00815e-05
465	5.98431e-05
466	5.96046e-05
467	5.93662e-05
468	5.91278e-05
469	5.88894e-05
470	5.88894e-05
471	5.88894e-05
472	5.88894e-05
473	5.88894e-05
474	5.88894e-05
475	5.84126e-05
476	5.81741e-05
477	5.76973e-05
478	5.74589e-05
479	5.72205e-05
480	5.72205e-05
481	5.6982e-05
482	5.62668e-05
483	5.57899e-05
484	5.57899e-05
485	5.55515e-05
486	5.55515e-05
487	5.50747e-05
488	5.48363e-05
489	5.43594e-05
490	5.43594e-05
491	5.4121e-05
492	5.38826e-05
493	5.36442e-05
494	5.34058e-05
495	5.31673e-05
496	5.26905e-05
497	5.26905e-05
498	5.24521e-05
499	5.22137e-05
500	5.19753e-05
501	5.17368e-05
502	5.17368e-05
503	5.14984e-05
504	5.126e-05
505	5.10216e-05
506	5.07832e-05
507	5.05447e-05
508	5.05447e-05
509	5.03063e-05
510	5.00679e-05
511	4.98295e-05
512	4.95911e-05
513	4.93526e-05
514	4.93526e-05
515	4.91142e-05
516	4.88758e-05
517	4.88758e-05
518	4.88758e-05
519	4.88758e-05
520	4.88758e-05
521	4.88758e-05
522	4.88758e-05
523	4.88758e-05
524	4.86374e-05
525	4.79221e-05
526	4.74453e-05
527	4.69685e-05
528	4.69685e-05
529	4.69685e-05
530	4.673e-05
531	4.64916e-05
532	4.60148e-05
533	4.60148e-05
534	4.60148e-05
535	4.57764e-05
536	4.55379e-05
537	4.52995e-05
538	4.50611e-05
539	4.48227e-05
540	4.45843e-05
541	4.43459e-05
542	4.43459e-05
543	4.41074e-05
544	4.3869e-05
545	4.3869e-05
546	4.36306e-05
547	4.36306e-05
548	4.33922e-05
549	4.31538e-05
550	4.31538e-05
551	4.31538e-05
552	4.29153e-05
553	4.31538e-05
554	4.31538e-05
555	4.31538e-05
556	4.33922e-05
557	4.33922e-05
558	4.29153e-05
559	4.26769e-05
560	4.22001e-05
561	4.22001e-05
562	4.19617e-05
563	4.17233e-05
564	4.14848e-05
565	4.12464e-05
566	4.12464e-05
567	4.07696e-05
568	4.05312e-05
569	4.02927e-05
570	4.02927e-05
571	4.02927e-05
572	4.00543e-05
573	3.98159e-05
574	3.95775e-05
575	3.93391e-05
576	3.95775e-05
577	3.93391e-05
578	3.91006e-05
579	3.91006e-05
580	3.88622e-05
581	3.88622e-05
582	3.86238e-05
583	3.83854e-05
584	3.83854e-05
585	3.8147e-05
586	3.8147e-05
587	3.79086e-05
588	3.76701e-05
589	3.74317e-05
590	3.74317e-05
591	3.74317e-05
592	3.71933e-05
593	3.71933e-05
594	3.71933e-05
595	3.69549e-05
596	3.69549e-05
597	3.67165e-05
598	3.67165e-05
599	3.67165e-05
600	3.6478e-05
601	3.6478e-05
602	3.60012e-05
603	3.60012e-05
604	3.57628e-05
605	3.57628e-05
606	3.55244e-05
607	3.55244e-05
608	3.55244e-05
609	3.52859e-05
610	3.52859e-05
611	3.50475e-05
612	3.50475e-05
613	3.48091e-05
614	3.45707e-05
615	3.43323e-05
616	3.43323e-05
617	3.40939e-05
618	3.40939e-05
619	3.40939e-05
620	3.38554e-05
621	3.38554e-05
622	3.38554e-05
623	3.38554e-05
624	3.38554e-05
625	3.38554e-05
626	3.38554e-05
627	3.33786e-05
628	3.29018e-05
629	3.26633e-05
630	3.29018e-05
631	3.29018e-05
632	3.29018e-05
633	3.26633e-05
634	3.24249e-05
635	3.24249e-05
636	3.21865e-05
637	3.21865e-05
638	3.21865e-05
639	3.19481e-05
640	3.19481e-05
641	3.17097e-05
642	3.17097e-05
643	3.17097e-05
644	3.14713e-05
645	3.14713e-05
646	3.14713e-05
647	3.12328e-05
648	3.12328e-05
649	3.12328e-05
650	3.12328e-05
651	3.09944e-05
652	3.0756e-05
653	3.03984e-05
654	3.03984e-05
655	3.05176e-05
656	3.0756e-05
657	3.05176e-05
658	3.05176e-05
659	3.02792e-05
660	3.02792e-05
661	3.016e-05
662	2.99215e-05
663	2.98023e-05
664	2.96831e-05
665	2.95639e-05
666	2.94447e-05
667	2.93255e-05
668	2.94447e-05
669	2.98023e-05
670	3.00407e-05
671	3.00407e-05
672	2.94447e-05
673	2.89679e-05
674	2.87294e-05
675	2.89679e-05
676	2.92063e-05
677	2.90871e-05
678	2.87294e-05
679	2.8491e-05
680	2.82526e-05
681	2.81334e-05
682	2.81334e-05
683	2.80142e-05
684	2.7895e-05
685	2.77758e-05
686	2.76566e-05
687	2.75373e-05
688	2.74181e-05
689	2.72989e-05
690	2.71797e-05
691	2.70605e-05
692	2.69413e-05
693	2.68221e-05
694	2.67029e-05
695	2.65837e-05
696	2.65837e-05
697	2.65837e-05
698	2.64645e-05
699	2.63453e-05
700	2.63453e-05
701	2.6226e-05
702	2.61068e-05
703	2.59876e-05
704	2.58684e-05
705	2.58684e-05
706	2.58684e-05
707	2.58684e-05
708	2.58684e-05
709	2.57492e-05
710	2.55108e-05
711	2.55108e-05
712	2.53916e-05
713	2.53916e-05
714	2.52724e-05
715	2.51532e-05
716	2.5034e-05
717	2.5034e-05
718	2.5034e-05
719	2.49147e-05
720	2.5034e-05
721	2.5034e-05
722	2.51532e-05
723	2.49147e-05
724	2.46763e-05
725	2.44379e-05
726	2.44379e-05
727	2.46763e-05
728	2.47955e-05
729	2.47955e-05
730	2.49147e-05
731	2.5034e-05
732	2.51532e-05
733	2.47955e-05
734	2.41995e-05
735	2.38419e-05
736	2.40803e-05
737	2.45571e-05
738	2.46763e-05
739	2.46763e-05
740	2.46763e-05
741	2.47955e-05
742	2.46763e-05
743	2.44379e-05
744	2.39611e-05
745	2.36034e-05
746	2.36034e-05
747	2.39611e-05
748	2.40803e-05
749	2.36034e-05
750	2.31266e-05
751	2.30074e-05
752	2.31266e-05
753	2.30074e-05
754	2.28882e-05
755	2.2769e-05
756	2.25306e-05
757	2.25306e-05
758	2.26498e-05
759	2.24113e-05
760	2.21729e-05
761	2.19345e-05
762	2.20537e-05
763	2.20537e-05
764	2.19345e-05
765	2.18153e-05
766	2.16961e-05
767	2.16961e-05
768	2.15769e-05
769	2.14577e-05
770	2.14577e-05
771	2.14577e-05
772	2.13385e-05
773	2.12193e-05
774	2.12193e-05
775	2.12193e-05
776	2.11e-05
777	2.11e-05
778	2.13385e-05
779	2.14577e-05
780	2.16961e-05
781	2.16961e-05
782	2.16961e-05
783	2.14577e-05
784	2.12193e-05
785	2.09808e-05
786	2.08616e-05
787	2.08616e-05
788	2.07424e-05
789	2.07424e-05
790	2.07424e-05
791	2.06232e-05
792	2.0504e-05
793	2.02656e-05
794	2.02656e-05
795	2.03848e-05
796	2.03848e-05
797	2.01464e-05
798	2.00272e-05
799	1.9908e-05
800	1.9908e-05
801	1.9908e-05
802	2.00272e-05
803	1.9908e-05
804	1.97887e-05
805	1.96695e-05
806	1.97887e-05
807	1.97887e-05
808	1.9908e-05
809	1.9908e-05
810	1.97887e-05
811	1.96695e-05
812	1.94311e-05
813	1.93119e-05
814	1.93119e-05
815	1.91927e-05
816	1.90735e-05
817	1.89543e-05
818	1.88351e-05
819	1.88351e-05
820	1.89543e-05
821	1.89543e-05
822	1.90735e-05
823	1.90735e-05
824	1.89543e-05
825	1.89543e-05
826	1.88351e-05
827	1.87159e-05
828	1.85966e-05
829	1.84774e-05
830	1.85966e-05
831	1.84774e-05
832	1.84774e-05
833	1.83582e-05
834	1.8239e-05
835	1.81198e-05
836	1.81198e-05
837	1.81198e-05
838	1.80006e-05
839	1.80006e-05
840	1.80006e-05
841	1.78814e-05
842	1.78814e-05
843	1.77622e-05
844	1.77622e-05
845	1.77622e-05
846	1.78814e-05
847	1.80006e-05
848	1.8239e-05
849	1.8239e-05
850	1.8239e-05
851	1.80006e-05
852	1.77622e-05
853	1.77622e-05
854	1.81198e-05
855	1.81198e-05
856	1.78814e-05
857	1.75238e-05
858	1.74046e-05
859	1.72853e-05
860	1.72853e-05
861	1.74046e-05
862	1.71661e-05
863	1.69277e-05
864	1.68085e-05
865	1.69277e-05
866	1.70469e-05
867	1.69277e-05
868	1.69277e-05
869	1.70469e-05
870	1.72853e-05
871	1.72853e-05
872	1.70469e-05
873	1.66893e-05
874	1.65701e-05
875	1.65701e-05
876	1.68085e-05
877	1.68085e-05
878	1.65701e-05
879	1.63317e-05
880	1.63317e-05
881	1.64509e-05
882	1.65701e-05
883	1.64509e-05
884	1.64509e-05
885	1.63317e-05
886	1.60933e-05
887	1.60933e-05
888	1.60933e-05
889	1.63317e-05
890	1.64509e-05
891	1.64509e-05
892	1.64509e-05
893	1.64509e-05
894	1.62125e-05
895	1.5974e-05
896	1.58548e-05
897	1.5974e-05
898	1.60933e-05
899	1.5974e-05
900	1.57356e-05
901	1.56164e-05
902	1.56164e-05
903	1.58548e-05
904	1.58548e-05
905	1.58548e-05
906	1.56164e-05
907	1.54972e-05
908	1.52588e-05
909	1.51396e-05
910	1.51396e-05
911	1.52588e-05
912	1.54972e-05
913	1.5378e-05
914	1.52588e-05
915	1.51396e-05
916	1.51396e-05
917	1.51396e-05
918	1.51992e-05
919	1.51396e-05
920	1.50204e-05
921	1.50204e-05
922	1.508e-05
923	1.51396e-05
924	1.51396e-05
925	1.51396e-05
926	1.50204e-05
927	1.49608e-05
928	1.49608e-05
929	1.49012e-05
930	1.49012e-05
931	1.48416e-05
932	1.4782e-05
933	1.47223e-05
934	1.47223e-05
935	1.4782e-05
936	1.46627e-05
937	1.46031e-05
938	1.46031e-05
939	1.46627e-05
940	1.46627e-05
941	1.4782e-05
942	1.47223e-05
943	1.46031e-05
944	1.43647e-05
945	1.42455e-05
946	1.43647e-05
947	1.43051e-05
948	1.43051e-05
949	1.43647e-05
950	1.42455e-05
951	1.40071e-05
952	1.38283e-05
953	1.38283e-05
954	1.38283e-05
955	1.40071e-05
956	1.40071e-05
957	1.37687e-05
958	1.36495e-05
959	1.35899e-05
960	1.35899e-05
961	1.35303e-05
962	1.35899e-05
963	1.35899e-05
964	1.35899e-05
965	1.37091e-05
966	1.37091e-05
967	1.35899e-05
968	1.34706e-05
969	1.3411e-05
970	1.3411e-05
971	1.32918e-05
972	1.32918e-05
973	1.3411e-05
974	1.35899e-05
975	1.37091e-05
976	1.36495e-05
977	1.34706e-05
978	1.32322e-05
979	1.31726e-05
980	1.30534e-05
981	1.30534e-05
982	1.31726e-05
983	1.32322e-05
984	1.32918e-05
985	1.32918e-05
986	1.32322e-05
987	1.32322e-05
988	1.32322e-05
989	1.31726e-05
990	1.30534e-05
991	1.29342e-05
992	1.2815e-05
993	1.2815e-05
994	1.28746e-05
995	1.30534e-05
996	1.32322e-05
997	1.30534e-05
998	1.27554e-05
999	1.26958e-05
