step	metric	cpp_l2	torch_l2	abs_diff_l2	rel_diff_l2	cpp_l1	torch_l1	abs_diff_l1	rel_diff_l1
1	layer0_attn_out	1627.91	1635.68	7.77054	0.00477332	1.34463e+06	1.3508e+06	6169.25	0.00458807
2	layer0_attn_out	1625.8	1633.78	7.97551	0.00490559	1.34319e+06	1.34954e+06	6349	0.00472681
3	layer0_attn_out	1633.85	1642.24	8.39268	0.00513675	1.34959e+06	1.35618e+06	6586.5	0.00488037
4	layer0_attn_out	1629.07	1637.34	8.26533	0.00507365	1.3458e+06	1.35233e+06	6531.12	0.00485297
5	layer0_attn_out	1631.79	1639.83	8.04325	0.0049291	1.34849e+06	1.35486e+06	6370	0.0047238
6	layer0_attn_out	1631.47	1640.08	8.60812	0.0052763	1.34815e+06	1.35494e+06	6789	0.00503579
7	layer0_attn_out	1638.33	1646.66	8.33174	0.00508551	1.35244e+06	1.35899e+06	6552	0.00484458
8	layer0_attn_out	1635.24	1644.04	8.80333	0.00538351	1.35193e+06	1.35895e+06	7017.5	0.00519073
9	layer0_attn_out	1631.78	1640.58	8.80484	0.00539585	1.34856e+06	1.3556e+06	7044.12	0.00522344
10	layer0_attn_out	1634.81	1643.83	9.01788	0.00551616	1.35122e+06	1.35839e+06	7173	0.00530854
1	layer0_ffn_w2	3444.68	3453.5	8.82171	0.00256097	2.66442e+06	2.66992e+06	5500.75	0.00206452
2	layer0_ffn_w2	3440.88	3449.2	8.31922	0.00241776	2.66099e+06	2.66619e+06	5201.25	0.00195463
3	layer0_ffn_w2	3442.15	3450.24	8.08877	0.00234992	2.66135e+06	2.6663e+06	4952.5	0.0018609
4	layer0_ffn_w2	3445.75	3453.82	8.07007	0.00234204	2.66532e+06	2.67025e+06	4925.5	0.001848
5	layer0_ffn_w2	3443.67	3451.78	8.11467	0.0023564	2.66346e+06	2.66849e+06	5028.25	0.00188786
6	layer0_ffn_w2	3443.96	3451.85	7.88521	0.00228958	2.66274e+06	2.66757e+06	4834.75	0.0018157
7	layer0_ffn_w2	3448.42	3456.91	8.4882	0.00246148	2.66717e+06	2.67244e+06	5272.75	0.00197691
8	layer0_ffn_w2	3445.05	3452.92	7.86895	0.00228413	2.66468e+06	2.66945e+06	4771	0.00179046
9	layer0_ffn_w2	3443.99	3451.69	7.69726	0.00223498	2.66409e+06	2.66872e+06	4629	0.00173755
10	layer0_ffn_w2	3443.22	3450.71	7.48728	0.0021745	2.66337e+06	2.66772e+06	4349.75	0.00163318
1	layer0_ln1	1023.95	1024.11	0.158398	0.000154694	858461	858623	161.75	0.000188419
2	layer0_ln1	1023.96	1024.11	0.149253	0.000145761	858393	858546	152.625	0.000177803
3	layer0_ln1	1023.95	1024.11	0.157788	0.000154097	858412	858567	155	0.000180566
4	layer0_ln1	1023.95	1024.11	0.158398	0.000154694	858389	858538	149.25	0.000173872
5	layer0_ln1	1023.95	1024.11	0.160962	0.000157197	858420	858580	159.75	0.000186098
6	layer0_ln1	1023.95	1024.11	0.161694	0.000157912	858505	858666	160.875	0.00018739
7	layer0_ln1	1023.96	1024.11	0.149497	0.000145999	858569	858717	148.125	0.000172525
8	layer0_ln1	1023.97	1024.11	0.139741	0.00013647	858378	858521	142.75	0.000166302
9	layer0_ln1	1023.95	1024.11	0.159497	0.000155766	858475	858628	152.875	0.000178077
10	layer0_ln1	1023.94	1024.12	0.179629	0.000175429	858518	858689	170.938	0.000199108
1	layer0_ln2	1022.85	1024.05	1.19529	0.00116859	846484	847600	1116.25	0.00131869
2	layer0_ln2	1022.82	1024.05	1.22871	0.00120129	846469	847598	1128.56	0.00133326
3	layer0_ln2	1022.87	1024.04	1.1715	0.00114531	846197	847271	1073.88	0.00126906
4	layer0_ln2	1022.93	1024.05	1.11834	0.00109327	846123	847158	1034.75	0.00122293
5	layer0_ln2	1022.93	1024.06	1.12652	0.00110127	846306	847357	1050.81	0.00124165
6	layer0_ln2	1022.92	1024.05	1.13066	0.00110533	846393	847451	1058.12	0.00125016
7	layer0_ln2	1022.9	1024.06	1.15676	0.00113087	846097	847173	1076.44	0.00127224
8	layer0_ln2	1022.88	1024.05	1.17042	0.00114423	846221	847388	1166.88	0.00137892
9	layer0_ln2	1022.91	1024.06	1.15458	0.00112872	846356	847504	1147.62	0.00135596
10	layer0_ln2	1022.93	1024.06	1.12688	0.00110162	846258	847383	1124.94	0.00132931
1	layer0_output	4277.88	4283.32	5.43934	0.0012715	3.47882e+06	3.48229e+06	3466	0.000996315
2	layer0_output	4271.56	4276.68	5.11773	0.00119809	3.47316e+06	3.47648e+06	3316.5	0.000954894
3	layer0_output	4277.37	4282.72	5.34777	0.00125025	3.47832e+06	3.48191e+06	3585.75	0.00103089
4	layer0_output	4270.42	4275.44	5.01896	0.00117529	3.47195e+06	3.47526e+06	3306.5	0.000952347
5	layer0_output	4274.14	4279.16	5.02064	0.00117466	3.47474e+06	3.478e+06	3261.75	0.000938703
6	layer0_output	4275.32	4280.43	5.1092	0.00119504	3.47577e+06	3.47919e+06	3420	0.000983955
7	layer0_output	4276.1	4281.47	5.37021	0.00125587	3.47757e+06	3.48113e+06	3563	0.00102457
8	layer0_output	4274.88	4280.54	5.65711	0.00132334	3.47502e+06	3.47896e+06	3937.5	0.00113309
9	layer0_output	4277.01	4282.66	5.64967	0.00132094	3.47633e+06	3.48021e+06	3879.5	0.00111598
10	layer0_output	4280.46	4286.09	5.62936	0.00131513	3.48058e+06	3.48435e+06	3768.5	0.00108272
1	layer1_attn_out	929.223	936.564	7.34133	0.00790051	766701	772228	5526.62	0.00720832
2	layer1_attn_out	926.831	934.291	7.46014	0.00804908	764868	770519	5651.31	0.00738861
3	layer1_attn_out	928.62	935.803	7.1831	0.00773524	766138	771518	5380.5	0.00702289
4	layer1_attn_out	926.173	933.458	7.28544	0.00786617	764515	770018	5503.44	0.0071986
5	layer1_attn_out	929.033	936.145	7.11178	0.00765503	766615	772015	5400.19	0.0070442
6	layer1_attn_out	928.845	936.222	7.37656	0.00794165	766364	771937	5573.12	0.00727216
7	layer1_attn_out	927.55	934.927	7.37731	0.00795354	766050	771615	5565.19	0.00726478
8	layer1_attn_out	929.014	936.344	7.33018	0.00789028	766582	772135	5553.19	0.00724409
9	layer1_attn_out	927.119	934.545	7.42647	0.00801027	765570	771238	5668.38	0.00740412
10	layer1_attn_out	934.178	941.525	7.34666	0.0078643	771049	776605	5556.31	0.00720617
1	layer1_ffn_w2	2182.25	2188.31	6.05615	0.00277519	1.62074e+06	1.6245e+06	3762.75	0.00232162
2	layer1_ffn_w2	2179.62	2185.74	6.11535	0.0028057	1.61857e+06	1.62236e+06	3791	0.00234219
3	layer1_ffn_w2	2179.46	2185.18	5.72433	0.00262649	1.61796e+06	1.62152e+06	3562.88	0.00220208
4	layer1_ffn_w2	2180.13	2186.23	6.09583	0.00279609	1.61844e+06	1.62227e+06	3829.75	0.00236632
5	layer1_ffn_w2	2177.74	2183.68	5.93505	0.00272532	1.61678e+06	1.62052e+06	3739	0.00231262
6	layer1_ffn_w2	2177.33	2183.33	6.00496	0.00275795	1.61689e+06	1.6206e+06	3708	0.00229329
7	layer1_ffn_w2	2181.88	2187.66	5.7804	0.00264928	1.62042e+06	1.62402e+06	3603.5	0.00222381
8	layer1_ffn_w2	2179.82	2185.23	5.41193	0.00248274	1.61855e+06	1.62186e+06	3306	0.00204257
9	layer1_ffn_w2	2180.98	2186.37	5.3867	0.00246985	1.61906e+06	1.62234e+06	3280.38	0.0020261
10	layer1_ffn_w2	2180.86	2186.01	5.15001	0.00236146	1.61936e+06	1.62251e+06	3153.5	0.00194737
1	layer1_ln1	1022.61	1024.04	1.43041	0.00139878	837534	838537	1002.88	0.00119741
2	layer1_ln1	1022.57	1024.05	1.47932	0.00144667	837519	838586	1066.75	0.0012737
3	layer1_ln1	1022.67	1024.04	1.37382	0.00134337	837685	838662	977.188	0.00116653
4	layer1_ln1	1022.46	1024.05	1.58846	0.00155357	837467	838624	1156.88	0.0013814
5	layer1_ln1	1022.67	1024.05	1.37541	0.00134492	837336	838306	969.562	0.00115791
6	layer1_ln1	1022.61	1024.04	1.42821	0.00139663	837359	838398	1038.69	0.00124043
7	layer1_ln1	1022.51	1024.04	1.53053	0.00149683	837487	838606	1119.19	0.00133636
8	layer1_ln1	1022.49	1024.03	1.54308	0.00150914	837139	838305	1166.25	0.00139314
9	layer1_ln1	1022.44	1024.04	1.60077	0.00156564	836918	838111	1193.38	0.00142592
10	layer1_ln1	1022.57	1024.04	1.47089	0.00143843	837326	838401	1075.31	0.00128422
1	layer1_ln2	1022.59	1024.03	1.44394	0.00141204	830970	832014	1043.75	0.00125606
2	layer1_ln2	1022.62	1024.04	1.41992	0.00138851	830961	832006	1045.44	0.00125811
3	layer1_ln2	1022.67	1024.04	1.37004	0.00133967	831221	832248	1026.88	0.00123538
4	layer1_ln2	1022.62	1024.04	1.42126	0.00138982	831247	832333	1085.62	0.00130602
5	layer1_ln2	1022.63	1024.04	1.40601	0.0013749	831016	832056	1040	0.00125148
6	layer1_ln2	1022.64	1024.03	1.39442	0.00136355	830848	831902	1054.06	0.00126866
7	layer1_ln2	1022.69	1024.03	1.34076	0.00131101	831430	832440	1010.5	0.00121538
8	layer1_ln2	1022.61	1024.04	1.42748	0.00139591	830831	831959	1127.94	0.0013576
9	layer1_ln2	1022.67	1024.03	1.36308	0.00133287	830743	831795	1051.88	0.00126619
10	layer1_ln2	1022.7	1024.04	1.34236	0.00131256	831027	832048	1021.44	0.00122913
1	layer1_output	5707.21	5711.54	4.32809	0.000758354	4.43723e+06	4.44056e+06	3328	0.000750017
2	layer1_output	5701.22	5705.36	4.13937	0.000726051	4.43147e+06	4.43484e+06	3367	0.000759793
3	layer1_output	5704.86	5708.84	3.98229	0.000698051	4.4365e+06	4.43983e+06	3333.5	0.000751381
4	layer1_output	5697.94	5701.87	3.93012	0.000689744	4.42983e+06	4.43309e+06	3256	0.000735017
5	layer1_output	5702.13	5706	3.86658	0.000678094	4.43375e+06	4.43691e+06	3161	0.000712941
6	layer1_output	5703.51	5707.44	3.9275	0.000688611	4.43384e+06	4.43719e+06	3348.5	0.000755214
7	layer1_output	5702.18	5706.14	3.9616	0.000694752	4.43488e+06	4.43812e+06	3242	0.000731023
8	layer1_output	5703.1	5706.95	3.84727	0.000674592	4.43284e+06	4.43596e+06	3124.5	0.000704853
9	layer1_output	5708.65	5712.34	3.69229	0.000646788	4.43708e+06	4.44006e+06	2979.5	0.0006715
10	layer1_output	5712.85	5716.58	3.72959	0.000652842	4.44302e+06	4.44604e+06	3023	0.000680393
1	logits	1259.46	1260.19	0.730308	0.000579858	1.14989e+06	1.15066e+06	769.125	0.000668868
2	logits	1258.95	1259.48	0.530103	0.000421067	1.14954e+06	1.15014e+06	596.75	0.000519121
3	logits	1257.77	1258.48	0.707539	0.000562535	1.1483e+06	1.14904e+06	735.25	0.000640294
4	logits	1257.97	1258.57	0.595918	0.000473714	1.14928e+06	1.14989e+06	613.625	0.000533921
5	logits	1257.65	1258.31	0.658838	0.000523864	1.1486e+06	1.14931e+06	712.375	0.000620212
6	logits	1257.83	1258.45	0.622026	0.000494523	1.14858e+06	1.14925e+06	667.5	0.000581152
7	logits	1258.78	1259.47	0.693877	0.00055123	1.14965e+06	1.15038e+06	725	0.000630627
8	logits	1258.12	1258.67	0.552363	0.000439039	1.14913e+06	1.14971e+06	582.625	0.000507014
9	logits	1258.32	1258.97	0.652046	0.000518188	1.14902e+06	1.14967e+06	653.875	0.000569072
10	logits	1258.08	1258.7	0.623247	0.000495395	1.14853e+06	1.14917e+06	644.25	0.000560934
1	tok_plus_pos	1456.06	1454.72	1.34052	0.000920647	1.22901e+06	1.22797e+06	1036.62	0.000843463
2	tok_plus_pos	1455.29	1453.94	1.34664	0.000925342	1.22836e+06	1.22732e+06	1037.12	0.000844317
3	tok_plus_pos	1455.89	1454.55	1.34093	0.000921036	1.22888e+06	1.22784e+06	1036.25	0.000843248
4	tok_plus_pos	1455.7	1454.36	1.33977	0.000920362	1.22859e+06	1.22756e+06	1033	0.000840801
5	tok_plus_pos	1456.02	1454.68	1.33995	0.00092028	1.22898e+06	1.22795e+06	1029.5	0.000837687
6	tok_plus_pos	1456.04	1454.69	1.34725	0.000925284	1.22912e+06	1.22809e+06	1032.25	0.000839828
7	tok_plus_pos	1456.21	1454.87	1.3444	0.000923218	1.22936e+06	1.22833e+06	1031.38	0.000838953
8	tok_plus_pos	1456.17	1454.83	1.34419	0.000923103	1.22906e+06	1.22802e+06	1035.38	0.000842412
9	tok_plus_pos	1456.12	1454.77	1.34607	0.000924425	1.22913e+06	1.22809e+06	1035.5	0.000842466
10	tok_plus_pos	1456.68	1455.34	1.34064	0.000920343	1.22968e+06	1.22865e+06	1032	0.000839243
